epoch,train_loss,train_acc,val_loss,val_acc,lr
1,0.4872548490230526,0.7975446428571429,0.13927111939660142,0.95,0.0001
2,0.14529044739170266,0.9458035714285714,0.06368591715714761,0.9782142857142857,0.0001
3,0.07950826877096136,0.9722321428571429,0.03706355606505115,0.9864285714285714,0.0001
4,0.05513881578658974,0.9809375,0.02306616204092279,0.9923214285714286,0.0001
